date,revenue,google_search_l,paid_facebook_l,paid_instagram_l,organic_search_l,google_search_s,paid_facebook_s,paid_instagram_s
2021-01-01,5193.6,63,156,62,1,2092.96,38.97,18.86
2021-01-02,24165.6,84,182,79,2,2784.74,31.48,26.2
2021-01-03,18824.4,118,231,97,3,3458.53,27.310000000000002,23.029999999999998
2021-01-04,109720.8,152,218,77,7,5134.129999999999,26.650000000000002,22.45
2021-01-05,140181.6,181,164,47,4,5150.21,41.007727,30.962273000000003
2021-01-06,95468.40000000001,163,180,61,3,4678.199999999999,68.41999999999999,27.84
2021-01-07,100134.0,166,188,48,4,5190.4,67.89,28.03
2021-01-08,127340.4,141,157,45,12,4698.650000000001,83.760548,28.419453
2021-01-09,76843.2,118,165,34,4,3697.2999999999997,135.42884300000003,59.071157
2021-01-10,43868.4,152,211,63,7,5154.24,153.77999999999997,42.67
2021-01-11,159318.6,187,204,72,22,8006.460000000001,224.75,73.63
2021-01-12,149245.2,212,256,44,32,8824.150000000001,501.5974989999999,130.322501
2021-01-13,142819.19999999998,204,253,50,34,6993.24,546.19,185.11
2021-01-14,128692.4,179,232,68,34,5529.529999999999,496.037105,183.762897
2021-01-15,131268.0,136,224,50,22,4452.0199999999995,334.783028,124.426973
2021-01-16,99434.40000000001,89,207,58,21,3233.0,257.690476,120.419525
2021-01-17,49069.2,126,215,62,14,3801.17,287.2,140.95
2021-01-18,128786.40000000002,228,204,66,20,6850.16,356.85999999999996,171.23999999999998
2021-01-19,127944.0,232,293,78,10,6262.610000000001,394.69211700000005,122.627883
2021-01-20,153428.95683020685,210,251,90,20,5910.790000000001,422.15000000000003,204.25
2021-01-21,124983.6,222,271,71,9,6515.709999999999,483.081913,185.60808699999998
2021-01-22,116620.80000000003,157,266,60,8,4933.9800000000005,635.4599999999999,205.70000000000002
2021-01-23,82438.8,125,276,59,5,3912.23,644.05,248.36999999999998
2021-01-24,31797.6,129,284,68,7,4076.01,587.9200000000001,182.01
2021-01-25,149679.56762136458,224,149,29,12,6428.17,114.10999999999999,60.5
2021-01-26,184369.2,208,210,55,21,6120.31,54.29,21.96
2021-01-27,185432.72346305393,207,273,42,23,7942.66,1435.905535,496.314465
2021-01-28,131664.38120814835,235,245,46,35,12353.619999999999,1746.8846330000001,501.885367
2021-01-29,242513.62211481293,224,279,54,20,9954.6,2456.3100000000004,628.2
2021-01-30,156568.80000000002,143,260,60,12,5803.410000000001,2827.6880690000003,952.281931
2021-01-31,84814.3119465779,137,373,64,22,6118.83,2700.017917,683.722083
2021-02-01,214791.86030310305,231,308,67,22,9443.650000000001,1052.52,228.0
2021-02-02,169840.03863662103,217,357,74,42,9190.99,993.24,248.25
2021-02-03,202840.85838960813,218,322,45,23,9188.09,2153.220711,489.53928899999994
2021-02-04,152170.17696358004,182,283,39,27,8145.260000000002,2983.911923,610.2680780000001
2021-02-05,178754.16136366292,158,267,47,21,6726.139999999999,3755.0722800000003,763.52772
2021-02-06,96775.20000000001,124,230,30,14,4823.959999999999,2610.94,426.07
2021-02-07,80450.18603230268,133,277,40,13,5131.74,2461.53,483.04
2021-02-08,162013.4916206402,187,268,51,25,7881.650000000001,2014.77,473.7
2021-02-09,201681.36074789846,207,303,70,22,7877.81,2122.03946,431.32054100000005
2021-02-10,219154.13420300095,201,266,65,21,7674.150000000001,2276.62,599.23
2021-02-11,166998.0171981369,176,301,73,14,9187.9,2732.0917539999996,611.818246
2021-02-12,125578.90628773367,175,276,82,7,10997.09,3169.7637859999995,845.416214
2021-02-13,55088.4,134,244,83,10,8750.649999999998,3515.04,1172.28
2021-02-14,64047.357693554084,142,277,63,7,9083.190000000002,3571.75,1219.98
2021-02-15,207205.2958962093,244,240,80,24,14010.800000000003,3504.7108229999994,1208.2691770000001
2021-02-16,186374.83879865357,216,270,68,10,12471.409999999998,3943.3844550000003,1245.125543
2021-02-17,217613.4104904405,186,293,67,13,7617.05,4656.610000000001,1688.1299999999999
2021-02-18,189604.73523845637,186,324,67,12,8177.43,5602.036053,1360.883947
2021-02-19,240430.44748257345,143,304,77,12,7765.76,6567.1799999999985,1719.09
2021-02-20,94296.03127861826,98,299,54,7,4794.25,6381.475275999999,2022.654724
2021-02-21,37263.600000000006,150,302,56,11,6689.380000000001,6085.710000000001,2185.2200000000003
2021-02-22,171744.40681978426,282,270,76,12,11893.929999999998,5829.452923,2514.337079
2021-02-23,176324.77772239153,243,231,65,8,10899.73,5796.016862,2737.783138
2021-02-24,203379.6,241,218,44,12,12014.59,5677.520492,1986.289507
2021-02-25,196664.13032653162,223,218,57,9,11349.76,5228.202116,1630.177884
2021-02-26,204279.1942438188,175,224,41,11,9367.38,5323.429125,1472.440877
2021-02-27,99835.20000000003,105,217,42,4,6413.060000000001,5397.812,1817.5780000000002
2021-02-28,152809.43588214548,158,252,63,5,7805.7,4700.586224,2076.123776
2021-03-01,202887.14955447428,251,219,59,22,12815.580000000002,4579.642002,2194.487998
2021-03-02,134857.06039913936,285,242,67,19,12140.24,4773.872991,2109.59701
2021-03-03,168363.2114269586,263,256,54,15,11560.130000000001,4544.143194,1352.9768
2021-03-04,134757.81587746245,264,238,52,11,10604.050000000003,4963.319332000001,1376.350668
2021-03-05,236232.76272467617,211,218,46,6,9569.630000000001,8269.493238,2123.786763
2021-03-06,125799.6,152,224,48,5,6508.719999999999,9105.663994999999,2458.4460039999994
2021-03-07,58149.385615820865,224,262,62,12,8387.93,9292.690813,2013.8691870000002
2021-03-08,221504.94447393308,353,245,50,15,13909.58,9028.086684999998,2438.8233139999998
2021-03-09,163670.54858829494,393,275,63,20,16843.8,9242.319515000001,2611.240486
2021-03-10,222066.35258610963,418,247,63,18,16661.45,8737.232848,2737.007156
2021-03-11,277052.86374863226,304,235,57,9,14889.069999999996,8803.044945,2490.6350540000003
2021-03-12,261679.31141231075,239,201,52,6,12447.269999999997,8692.38484,2681.2151599999997
2021-03-13,81406.8,188,220,54,7,9302.02,10884.561645,3224.4483600000003
2021-03-14,42147.96903177465,174,228,66,9,10864.66,9593.32288,3081.947118
2021-03-15,268476.7217042341,285,213,66,10,14780.599999999997,8389.796322,3844.10368
2021-03-16,206201.3397266528,334,229,74,13,14321.79,8414.529856,4006.9901419999997
2021-03-17,269891.861131682,304,272,61,12,11589.989999999998,8902.191296,3184.1787059999997
2021-03-18,228575.9577909112,267,240,42,12,10645.920000000002,10697.477363999998,2318.382635
2021-03-19,219342.87493469537,162,198,39,11,7049.519999999999,9990.420049999999,2169.299952
2021-03-20,137997.6,116,202,30,2,5492.63,9567.945218,2238.874781
2021-03-21,28097.983953760406,165,233,29,4,6463.870000000001,9287.437497999998,1952.7925030000001
2021-03-22,247028.7565545384,277,191,38,1,10293.739999999998,9040.571931999999,2074.748065
2021-03-23,232994.81147695094,247,217,53,8,9024.62,9622.028253,2272.881748
2021-03-24,223165.99247591465,229,266,53,9,8499.98,11746.424894,3018.225109
2021-03-25,256250.9958074778,247,231,53,8,13007.369999999999,13394.923083,3331.7669210000004
2021-03-26,244779.0378465735,186,285,62,8,15545.589999999997,14832.439955000002,3519.320048
2021-03-27,138160.5508305857,134,247,68,11,13610.61,16159.890723999999,4186.069275
2021-03-28,60731.87166275449,140,274,59,8,15883.720000000001,16162.987407,3413.332592
2021-03-29,273718.63873938774,211,208,60,8,27631.649999999998,16656.222761,3465.237239
2021-03-30,279871.27793050185,180,221,51,11,15346.48,16814.417191,4081.552807
2021-03-31,357686.69495111593,112,216,61,11,5856.5,16905.056018,3957.5039810000003
2021-04-01,204211.41755114865,120,199,63,5,4713.400000000001,16508.222449,3875.157546
2021-04-02,125076.10889378087,77,310,54,9,4459.14,17764.518353,3683.601645999999
2021-04-03,27983.60947592755,82,267,55,8,4526.5599999999995,16626.516648,4091.763353
2021-04-04,17829.6,101,256,45,2,5580.950000000001,16590.46423,3600.645772
2021-04-05,101050.34540848507,178,305,50,6,8856.54,16632.381019,3776.018979
2021-04-06,230607.66906614916,279,326,59,14,12435.69,15732.180869000002,3568.7091280000004
2021-04-07,220306.77800578717,255,315,43,17,11836.56,16460.856977000003,3021.543023
2021-04-08,179029.1079052938,291,323,51,13,10816.58,17250.206752,3280.2132500000007
2021-04-09,229768.82548864704,228,339,43,3,9891.289999999999,16251.102476,3356.207523
2021-04-10,73780.79999999999,136,302,41,3,8089.920000000001,17187.225911,3231.384087
2021-04-11,49938.250185837045,194,367,40,9,9631.5,16427.175637,3456.9343639999997
2021-04-12,235105.77010046324,356,304,46,25,17360.589999999997,15830.829040999999,3731.60096
2021-04-13,254385.50803998118,293,293,56,13,13030.06,15933.737161000001,3031.5828289999995
2021-04-14,267223.94218371675,286,383,49,9,12188.16,21433.526609,3620.923389
2021-04-15,293090.8959269748,288,343,41,13,11360.82,21377.516255000002,3497.2337449999995
2021-04-16,231248.211203758,215,393,47,12,9534.34,22136.287154999998,4161.272844
2021-04-17,92093.47117403068,163,342,34,8,6407.63,22710.07696,4056.863042
2021-04-18,52320.94779942039,197,324,48,7,8020.879999999999,20613.357516,3319.942488
2021-04-19,250422.6941946248,345,330,53,9,13290.02,20319.671562000003,3682.1084319999995
2021-04-20,233073.89230047073,351,316,38,9,12888.58,21610.286590999996,3342.4334049999998
2021-04-21,285327.09487936005,304,338,34,10,12132.25,21885.765028,2960.594971
2021-04-22,232077.84397406408,266,284,33,11,12052.030000000002,22911.258358,4037.331643
2021-04-23,221696.72105180766,217,315,38,7,9197.54,24317.091829000005,4263.538171
2021-04-24,128870.57994812318,144,300,33,6,6807.2300000000005,24877.625399999997,4385.4645949999995
2021-04-25,36670.7253995321,213,316,44,8,7791.569999999999,23538.900310999998,4164.749688
2021-04-26,232585.84727845885,553,367,39,14,17238.12,23766.903524999998,4339.516465999999
2021-04-27,240377.51422640117,342,345,34,9,12063.38,23440.028213999998,3940.9017830000003
2021-04-28,309962.75044768915,334,329,38,14,13100.37,23590.818106000002,3577.701893
2021-04-29,270926.08540916047,300,316,43,11,13748.409999999998,22786.678069999998,4062.8119259999994
2021-04-30,309590.33512002346,241,285,30,12,10606.849999999999,24049.555395999996,3675.5445989999994
2021-05-01,102914.01317739027,134,265,35,4,6764.56,25390.299699000003,3368.210304
2021-05-02,15283.2,214,327,29,5,6749.1900000000005,25145.81841,2709.911594
2021-05-03,151569.01992298753,328,297,54,4,12209.09,24171.235265,4037.4847389999995
2021-05-04,302974.03943068895,316,341,42,15,12156.55,25228.468423,5216.381578999999
2021-05-05,297993.26017767633,443,448,65,14,15934.779999999997,31081.911989,6199.768018999999
2021-05-06,301199.8447339938,392,409,85,8,15030.470000000001,31457.801083,7082.478905
2021-05-07,270656.3090055848,318,371,47,10,12536.010000000002,33619.65496299999,4481.925041
2021-05-08,111074.93102140477,276,333,57,4,10481.560000000001,34143.437444,5568.042558
2021-05-09,33807.50215587803,420,338,51,6,13288.079999999994,31586.640105,6136.329895000001
2021-05-10,357905.1342376851,520,329,63,17,19554.980000000003,29210.837805000003,8399.632199
2021-05-11,251584.32858535508,450,512,123,5,17859.86,33949.41871,6227.218229
2021-05-12,328981.1034626568,371,550,82,6,17561.98,33979.876171,5093.123831999999
2021-05-13,214433.63848346795,319,395,51,9,14574.94,33062.506036,4034.5839639999995
2021-05-14,383382.78523991455,326,440,59,5,15596.909999999998,33572.980086,4300.669921000001
2021-05-15,130052.03934481004,313,524,59,7,13324.36,35674.629329999996,6072.900669999999
2021-05-16,52229.529635324,450,610,84,7,17992.1,33830.665264,7099.024735999999
2021-05-17,290751.4306336087,569,716,67,19,25188.19,35371.474409999995,6161.6855909999995
2021-05-18,298725.9816349904,599,626,81,9,25424.939999999995,34934.717456,7572.792545999999
2021-05-19,386779.3828457913,560,683,76,9,28325.18,33930.718528000005,8164.041470999999
2021-05-20,348071.3641479434,551,636,99,11,30393.619999999995,35863.386962000004,8930.283035999999
2021-05-21,387699.57258145476,393,433,86,9,21675.679999999993,37398.65114300001,7857.588856999999
2021-05-22,122166.69705119968,268,444,77,4,15845.3,39366.580572,8092.819426999999
2021-05-23,95733.58396442056,316,413,59,2,16457.669999999995,38330.67512099999,6744.424879
2021-05-24,299722.46764249355,482,386,66,9,24369.38,30792.984069,5961.095932
2021-05-25,363539.94689397956,554,332,75,11,27733.34,38895.95901200001,8738.760985
2021-05-26,356709.2522131186,547,403,81,11,27271.08999999999,37614.880075,9935.169925
2021-05-27,296700.0040198563,615,384,116,14,28434.260000000002,37114.049868999995,9176.140128999998
2021-05-28,283284.7259162049,524,352,92,4,22616.100000000002,36108.268568,8304.471431999998
2021-05-29,161140.90669305855,379,349,117,6,16830.05,37287.01835699999,9065.461642000002
2021-05-30,74675.44197539354,479,385,96,2,19955.590000000004,34430.021483000004,8705.528517
2021-05-31,449867.40468319494,673,372,102,4,28387.190000000002,34049.302501000006,9930.937502
2021-06-01,236121.3976761819,627,346,101,0,27436.389999999992,31810.691207000003,10861.718791
2021-06-02,220105.66218833084,582,362,95,6,24368.11,31217.755704999996,9124.834295999999
2021-06-03,165288.1808287721,502,414,126,8,22046.690000000002,33675.092040999996,7116.577955000002
2021-06-04,253123.40372904675,459,389,91,4,20399.000000000004,32556.914971000002,8446.635036
2021-06-05,144357.92102207147,362,395,111,0,16492.91,31559.855608,11310.064404
2021-06-06,44932.496866317975,449,398,94,6,19912.729999999996,28264.075962000003,13125.714047000001
2021-06-07,226377.0583966105,606,377,110,9,29748.260000000002,28277.713024999997,12143.796972999999
2021-06-08,257084.9362960331,654,371,86,9,28293.329999999994,28792.616098000002,10409.233903
2021-06-09,307752.18377188244,614,388,114,10,26548.840000000004,29979.396642999996,7307.453357
2021-06-10,281252.74044991366,564,369,141,5,24416.71,25603.897070000003,9085.392935
2021-06-11,329345.6621730638,430,381,129,7,18532.579999999998,28945.247728,8842.092272
2021-06-12,166704.67212254496,294,308,121,3,14851.350000000002,34528.135148,5176.1948520000005
2021-06-13,60492.30935115902,375,313,190,3,18711.29,32698.254507999998,6176.665493
2021-06-14,285295.0594589845,591,341,158,5,27862.120000000003,28650.010399,8511.7396
2021-06-15,250220.41719407268,534,424,143,9,25787.26,31350.943235000006,7964.616766
2021-06-16,212768.45288266515,510,399,126,12,25041.759999999995,31076.04532,7302.604678999999
2021-06-17,260851.75876369112,492,341,81,4,25413.17,30977.188401,6756.651598
2021-06-18,252071.96108377416,430,330,104,4,21115.08,30727.899457,7959.840538999999
2021-06-19,119604.51858429697,314,341,102,4,15877.599999999999,33272.446884,7365.023113999999
2021-06-20,50220.38008610433,425,350,108,5,19381.190000000002,30863.424134000008,7396.765867
2021-06-21,311691.45947129873,630,368,138,11,30589.219999999998,29474.743315,8746.786685
2021-06-22,411425.43369636365,727,399,146,26,30231.790000000008,33257.21883699999,7257.1811640000005
2021-06-23,250296.1254930543,668,402,153,29,27239.18,33868.281793,6790.81821
2021-06-24,298671.33006429794,639,411,124,20,29332.12,34844.646188,7372.153810000002
2021-06-25,333512.4360277024,601,442,121,17,25073.620000000003,35029.620759,8205.809239999999
2021-06-26,165897.18767431565,511,405,162,9,18834.54,36930.595437,9045.624564
2021-06-27,39132.450191755794,735,444,180,17,25384.099999999995,36260.288476,8917.391524
2021-06-28,403563.75228231243,610,440,177,18,30399.819999999996,39687.91185700001,10561.318145
2021-06-29,315954.9784911156,559,510,196,12,25497.84,43905.602916,13755.477083000002
2021-06-30,593221.7057225915,538,505,226,13,23866.199999999997,45268.91663399999,14128.253373000003
2021-07-01,261581.5637446207,535,502,203,14,22324.04,44856.958937,15979.381062999999
2021-07-02,235766.99924368644,432,545,190,9,19486.019999999997,45211.846717,14853.923282999998
2021-07-03,89522.04000000001,326,489,160,11,13762.29,48079.211203,12979.439845
2021-07-04,47676.67726537888,401,512,153,12,17413.49,45524.29628,14273.593718999999
2021-07-05,297434.9942703271,526,477,156,11,27468.12,41997.569961999994,16276.072796999999
2021-07-06,288913.50926876534,486,413,147,13,24806.899999999998,40136.096175000006,14589.563825
2021-07-07,302429.6301272869,471,397,88,11,22949.170000000002,41883.41463300001,10573.695364999998
2021-07-08,252502.76373348897,453,438,134,11,20740.84,41811.879350999996,11539.396939999999
2021-07-09,227642.25502634584,392,448,168,12,19555.31,42403.557908999996,13230.483731
2021-07-10,112238.78476193818,295,531,213,6,13767.23,46790.866649,15120.523353
2021-07-11,35593.68,283,523,184,6,13696.109999999997,43871.049212,16681.81079
2021-07-12,301499.75949871674,414,480,224,16,20593.670000000002,41977.757695,17378.393556
2021-07-13,311876.9487814095,455,546,220,12,20047.65,42422.140992,17366.579009
2021-07-14,296461.5343475512,437,562,217,9,19352.75,42262.337652999995,16830.464965
2021-07-15,278232.0210300992,383,500,178,11,17548.37,42055.529731999995,14406.217893000003
2021-07-16,265967.7105864642,327,438,169,15,15844.970000000005,39714.172755,13927.262555000001
2021-07-17,81800.49475570444,290,418,133,1,13716.179999999998,41257.30729900001,14390.192705000001
2021-07-18,35292.58125514375,286,448,140,9,14037.220000000001,39890.73983400001,13393.190918
2021-07-19,184706.69347925234,395,411,167,11,21733.250000000004,37352.264869,15013.330160000001
2021-07-20,285089.72252192977,459,552,187,9,21271.63,41519.955795999995,11645.070598999999
2021-07-21,276848.49642238184,483,468,219,10,22778.450000000004,42157.752622,13192.101113
2021-07-22,301165.4553323537,480,465,233,5,27227.78,41800.298307000005,15856.141559
2021-07-23,267801.9844107212,445,476,233,12,24731.78,42318.340934,14348.520829999998
2021-07-24,105385.81046048511,435,467,271,6,20510.590000000004,43460.73040100001,15817.347932
2021-07-25,37438.20222246712,481,462,313,12,20580.589999999997,41246.40277900001,15989.866882
2021-07-26,339130.38637981063,715,439,364,10,30721.72,38752.635985,17749.904345000003
2021-07-27,349961.6442603927,659,460,282,14,30134.609999999997,40421.492547999995,16906.736487000002
2021-07-28,348666.4445509771,746,412,317,10,32616.309999999998,36554.81672,17601.141273
2021-07-29,310187.4541284659,718,387,264,14,31844.329999999998,36932.980435,16693.348973
2021-07-30,356584.39761287835,581,417,283,13,26874.510000000002,38265.163973999996,16209.314605000001
2021-07-31,188761.97096667427,500,437,309,3,20752.0,39758.010393,17488.622045
2021-08-01,44894.40000000001,620,497,333,8,25496.809999999998,36506.116763,17670.558524
2021-08-02,286952.77430739906,813,427,273,8,34685.520000000004,35437.774569,17756.819616
2021-08-03,229577.67691392786,762,511,193,8,34146.9,43216.645522000006,10815.086662
2021-08-04,286350.79997666413,753,464,198,18,30743.47,40747.463569,12238.251357
2021-08-05,308070.1013389928,763,432,223,8,31079.970000000005,40069.125797,12744.052353000001
2021-08-06,288067.40065535414,571,391,206,9,27177.65,37412.071640999995,15735.84058
2021-08-07,60650.52915016432,449,377,232,4,21725.88,41724.521569000004,13398.480884
2021-08-08,53058.318527368036,527,372,213,6,24766.39,38481.457860999995,13114.422139999999
2021-08-09,247930.3477031254,684,360,193,5,32036.43,35212.761587999994,14476.543151
2021-08-10,289341.1656494057,572,395,202,10,29072.04,36431.632687000005,14477.792602999998
2021-08-11,280297.1913626662,569,349,224,11,25799.340000000004,35180.555064,15763.419219
2021-08-12,251141.2839042889,673,472,237,8,25147.07,34418.34550100001,16481.736538000005
2021-08-13,210625.91690143425,500,648,194,8,22107.129999999997,36852.939882,14121.689976
2021-08-14,72511.80034219826,418,500,215,9,16998.33,36834.051462999996,17144.969030999997
2021-08-15,46203.45744004769,503,462,224,7,21166.84,32838.060797,18253.249952
2021-08-16,283678.8339727693,808,585,291,13,28832.789999999997,32811.937794,16596.042913999998
2021-08-17,222220.53021146904,817,552,373,15,26823.189999999995,37020.050188999994,14354.846339
2021-08-18,237142.58629240695,833,606,477,11,28817.48,38826.52193,14577.626130000004
2021-08-19,254729.19198602892,811,570,390,14,30348.739999999994,38743.339976,13891.429698
2021-08-20,394847.39135566354,708,570,381,15,25947.11,38387.93703200001,13851.345629
2021-08-21,70606.53230744158,579,556,417,8,20309.960000000003,40872.114416,14081.831944
2021-08-22,46244.52299864201,709,571,456,14,24868.699999999997,38599.17738,14087.810117
2021-08-23,340542.78091150196,1104,575,416,17,38406.259999999995,35009.045763999995,16244.156881000003
2021-08-24,336701.8064784647,987,542,341,22,39641.96000000001,37984.514021999996,14834.619225000002
2021-08-25,357076.6148025275,991,535,318,9,39204.729999999996,37601.875186000005,15189.581710999999
2021-08-26,412569.9559300785,925,578,262,9,38803.600000000006,38115.577199,15999.815542999999
2021-08-27,342841.84865813906,804,482,250,18,30983.82,38890.413397000004,16063.790620000002
2021-08-28,131298.6232982123,579,522,293,8,21893.620000000003,42443.718658,16667.88134
2021-08-29,67861.58250798465,758,551,305,14,25735.69,39063.406067,16480.389669
2021-08-30,519638.9975180747,1068,537,378,20,36905.86000000001,36019.103741,17979.68749
2021-08-31,707749.8745356327,1110,587,324,25,37830.14,38460.994599000005,16500.372613000003
2021-09-01,365344.5918078702,1139,556,472,11,40073.27,36721.56843500001,17784.924435999998
2021-09-02,369284.89396527136,1315,509,386,20,43513.8,36544.870845,17111.017958
2021-09-03,356818.12112164765,1097,567,248,13,34954.13,39717.73187,12699.869430000002
2021-09-04,115564.93850052511,831,602,300,4,27053.269999999993,41554.753174,13380.727478999997
2021-09-05,73809.85400496825,929,558,313,14,30486.95,39965.434351,13894.342267
2021-09-06,463613.9286971762,1572,642,403,32,50051.939999999995,41500.683596999996,17042.784470000002
2021-09-07,390061.6187712883,1378,669,354,53,39481.59,44846.572976999996,17631.690278000002
2021-09-08,464324.76624417596,1369,679,322,43,35999.39000000001,47291.128128000004,16029.730906
2021-09-09,426050.2517892969,1209,687,333,26,33226.01,48484.925993,14618.984481
2021-09-10,504345.2395935005,1046,629,244,21,28479.809999999994,50860.246849,12102.540079000002
2021-09-11,172069.91424993591,851,638,297,11,22645.91,51420.14084,14175.185656999998
2021-09-12,144878.76632654344,932,665,381,13,25995.49,47718.543808,14426.890588
2021-09-13,392750.7580211897,1429,626,398,27,39661.93,44989.66079995459,16773.559393
2021-09-14,514370.5768000508,1572,684,363,16,42561.880000000005,49663.182092954594,16692.846653
2021-09-15,460822.06156939175,1444,709,354,25,43179.84,47742.577703954594,17578.135788
2021-09-16,443344.2253321771,1320,591,269,21,43118.09,48232.17705599999,15059.758212000004
2021-09-17,583264.2059297829,993,520,322,23,36606.920000000006,43033.171343,17466.959242999998
2021-09-18,170946.6574095729,862,522,328,9,26886.43,43998.253704,17993.285188
2021-09-19,94850.96826799412,1077,583,380,12,36370.21000000001,43062.537703999995,16645.079468999997
2021-09-20,575893.3359018478,1521,533,340,16,53754.29,40592.575761,17870.886531999997
2021-09-21,454062.99782527593,1445,551,302,30,51855.23999999999,43075.385631,17054.361549
2021-09-22,503725.90856489306,1437,531,338,17,51243.19,42340.310925,17381.183975
2021-09-23,434340.44928244245,1362,520,280,20,46448.42,42225.874620999995,17491.002738
2021-09-24,512078.3725597019,1021,437,250,13,35527.65,41114.366553,17962.256758
2021-09-25,202929.68476293737,776,467,276,19,26220.829999999998,43383.332553,15514.513713
2021-09-26,199911.7481351094,1048,551,312,14,33747.42999999999,41969.635319,15386.476171999999
2021-09-27,722074.2583842252,1399,514,297,22,50867.86,38185.313502000005,19005.563070999997
2021-09-28,553878.9345552586,1382,522,323,16,49860.90999999999,41563.89470299999,20587.29137
2021-09-29,612390.9986494185,1446,519,292,13,46677.78,42949.584483,18965.530262999997
2021-09-30,833395.5226075333,1295,495,327,27,41333.240000000005,40017.750465,18891.987703
2021-10-01,404439.46028893185,1003,436,367,18,33049.829999999994,37056.394142000005,22580.552364000003
2021-10-02,168551.61248027583,796,466,421,10,25616.73,40396.62741200001,21487.440398
2021-10-03,80166.75227867662,1072,494,416,20,33391.380000000005,41198.035097,19563.566749999998
2021-10-04,460617.1442199501,1444,330,265,21,48315.280000000006,26856.101848000002,12833.280213000002
2021-10-05,554340.0125317668,1531,676,475,22,44838.42,48104.44273,22905.872423
2021-10-06,578240.880685064,1485,783,520,27,43636.66,53734.115721,23401.742028000004
2021-10-07,583744.2106747183,1335,879,476,22,40566.590000000004,54661.777646,24824.011495000002
2021-10-08,563364.0810222584,1152,860,453,19,34250.28999999999,52015.864869,25744.280417
2021-10-09,165895.5443310406,896,845,358,15,26851.629999999997,60014.887893,24153.409499999994
2021-10-10,209651.034464697,1011,887,459,29,32507.489999999998,55703.135286000004,21033.522739000007
2021-10-11,668663.4171184637,1275,799,351,36,45155.69,50891.624588,21501.761561000007
2021-10-12,564519.0981825432,1371,874,351,25,43316.28,52433.89932599999,21995.201211
2021-10-13,575763.7320248683,1504,802,287,34,43154.49999999999,54116.310651,21341.882245
2021-10-14,704330.2623852189,1249,895,347,23,37529.16,61299.34702100001,20420.058338000003
2021-10-15,742496.441086912,1102,860,282,32,31992.85,62568.240727,19220.183599999997
2021-10-16,269380.96146464546,846,880,345,17,24113.069999999996,65112.816608,19833.828252
2021-10-17,104787.88080662281,1033,946,391,19,29440.920000000006,65389.626548,19806.674781
2021-10-18,733021.6680136498,1548,832,486,27,46887.80000000002,60763.11552299999,22479.576598999996
2021-10-19,594342.7463225406,1546,869,608,31,49799.04,60781.513076,27345.864392000003
2021-10-20,787727.0263222506,1612,909,532,41,48609.04,62265.322664,26214.630007999996
2021-10-21,653827.8683435891,1429,813,516,24,43229.020000000004,62390.81017399999,26783.559523000004
2021-10-22,592597.337553668,1046,715,409,16,35206.299999999996,62590.700234,26980.446632000003
2021-10-23,267859.262773724,894,761,369,14,28471.569999999996,67106.854939,27570.941692
2021-10-24,165495.64318047737,1034,810,433,25,33669.27,68455.56070599999,27197.514352
2021-10-25,764647.3680370599,1659,780,464,39,58948.21000000001,66912.31499500001,28207.340033999993
2021-10-26,571309.0609773375,1526,948,450,28,56182.47,71668.856518,25368.994006999998
2021-10-27,736577.0156507159,1439,970,431,23,53778.26,73324.67912399999,24111.989533
2021-10-28,609053.3310126709,1283,963,429,32,50272.399999999994,79646.850813,24474.953383
2021-10-29,889799.6669283132,946,912,411,27,38491.17,80819.974579,26167.058673
2021-10-30,289233.4390812887,729,818,455,14,24107.559999999998,78980.852133,29313.251304999998
2021-10-31,188754.56134783302,731,883,469,21,25019.059999999998,82883.76502999998,29244.822707999996
2021-11-01,475865.52220351406,1116,1038,423,28,38620.15,84517.499733,27245.976721000003
2021-11-02,714860.5574648116,1445,897,530,36,50020.9,78250.879781,33947.151691
2021-11-03,665426.0248405321,1593,923,511,35,57505.91,75784.100545,34066.81950400001
2021-11-04,692628.5095160403,1587,886,490,27,54607.74999999999,75589.50290600001,33195.788109
2021-11-05,788096.2558515506,1194,860,387,37,45649.19,79538.24611000001,26081.528663000005
2021-11-06,326522.6931923225,888,867,330,24,34495.08,83962.678711,23041.620322999996
2021-11-07,186138.20234961604,1300,882,425,24,48025.70999999999,82162.96074899999,26285.864736
2021-11-08,930513.2071232824,1859,971,442,33,74955.35,76885.885201,28683.545274999997
2021-11-09,769338.1147867473,1819,1032,510,34,71760.85,79123.849457,31974.619652999998
2021-11-10,921111.9030455971,1752,931,466,39,66542.98000000001,80482.688315,31367.199099999998
2021-11-11,894561.3701556202,1618,796,454,38,61880.64,81352.41992700001,28385.233134000002
2021-11-12,823398.4030242321,1347,856,399,23,51019.94000000001,84338.47941300001,27995.330776000003
2021-11-13,365932.7632787538,985,943,451,27,38733.48,88697.840704,29358.349488
2021-11-14,231300.8170669439,1325,974,453,36,51800.95999999999,85439.076356,28260.682915999998
2021-11-15,950831.6037092295,1895,967,458,37,73361.76999999999,83726.55444300002,28620.564293999996
2021-11-16,946817.7245895816,1789,956,429,41,68792.34,87870.43115599999,28919.409452
2021-11-17,869548.9367028532,1779,1005,455,34,67584.92000000001,87803.698361,31575.069680999986
2021-11-18,1008640.7436399539,1573,947,391,39,67303.7,85397.458063,32324.378635
2021-11-19,712748.546743064,1151,820,287,25,46011.99,87321.75901200002,27329.647775000005
2021-11-20,352989.295288863,868,896,385,27,26716.23,92250.08387100001,31377.587083
2021-11-21,267983.2871835849,1139,1029,458,29,37063.729999999996,92396.22603600001,30374.139990000003
2021-11-22,941762.4999794967,1579,1094,491,41,36800.28999999999,89635.622325,34589.674137999995
2021-11-23,898487.6567934039,1417,1152,501,34,38770.6,93506.523361,35218.483426
2021-11-24,1042687.7569330966,1614,1160,484,34,51927.42999999999,95266.833272,32674.251240000005
2021-11-25,1025060.3965702812,1509,1235,454,22,48100.34,98661.49232399999,32423.375227000004
2021-11-26,1147338.5168153278,1172,1018,354,22,38755.71,101513.020877,30233.234722000016
2021-11-27,632366.9785939232,1007,1043,360,26,31696.21,95285.721647,28505.420988000005
2021-11-28,425577.8498624227,1313,1159,421,29,47699.329999999994,93281.81060900001,29947.019783000003
2021-11-29,1419716.4972227167,1860,1050,452,33,74458.84,100138.220309,35824.613832
2021-11-30,1371709.7098993978,1821,1091,462,31,73085.93000000002,80215.243836,32592.932314
2021-12-01,587906.6923487799,1734,1079,488,31,72021.09999999999,78738.118757,31824.271235
2021-12-02,685816.3777835942,1648,1027,438,22,67267.2,80662.247221,30341.471187000003
2021-12-03,997950.2423469599,1293,1051,371,21,53055.969999999994,84553.807591,29788.029041999995
2021-12-04,291938.47077175294,1071,1102,404,31,40736.14,87302.702271,29837.779283999997
2021-12-05,130855.18056837244,1205,1112,448,25,48014.78,87496.55905800001,33069.096209999996
2021-12-06,743816.480528573,1613,1039,505,22,69591.91,83682.76207999999,35775.23531499999
2021-12-07,646091.4892028482,1531,1067,521,38,67550.42,85488.735076,34095.788403
2021-12-08,633972.9804393474,1606,1122,375,34,66052.34000000001,87019.005241,30725.583123000004
2021-12-09,606414.0167986233,1631,1012,478,27,67014.71999999999,83144.73890899999,33164.665451
2021-12-10,674499.6897828181,1289,990,380,28,55281.46000000001,82046.87409099998,28715.815798999996
2021-12-11,395910.73228039045,1034,950,346,13,41993.52,78558.49200200001,28331.298729999995
2021-12-12,176764.57248360815,1186,1023,455,30,52158.83,77954.14572800002,29933.11856399999
2021-12-13,823761.427231968,1609,903,433,21,74907.07,74308.41953200001,32823.612243
2021-12-14,683618.490682665,1522,869,423,24,75393.70000000001,76315.295018,33333.126202
2021-12-15,770765.6869140324,1547,980,384,24,70826.05000000002,80081.34792899998,30339.197034000004
2021-12-16,684255.9806790801,1369,1036,453,24,62131.91,82628.73008600001,29163.366265999997
2021-12-17,527781.9245063158,1163,894,357,18,50723.83,82814.034593,28425.335039000005
2021-12-18,305716.8933804023,941,753,393,13,35407.82,80152.800613,33950.587634999996
2021-12-19,178387.64029273723,981,823,421,8,39897.619999999995,79483.798418,33154.868126999994
2021-12-20,795294.9491035626,1220,691,390,17,54928.98999999999,73042.475354,29347.354058000004
2021-12-21,688445.949727388,1115,653,392,20,45690.84,63854.80152099999,28714.086842000004
2021-12-22,605078.5630794808,925,615,369,18,38630.71,58283.557754,27260.848863
2021-12-23,604967.7213613228,781,491,285,12,29632.569999999996,45843.735867,23124.532189999998
2021-12-24,211366.15897573682,566,431,270,6,19285.739999999998,42973.810096,19517.085769999998
2021-12-25,31798.111282593105,560,489,280,7,18884.940000000002,45033.461992000004,18594.273134
2021-12-26,53592.3,711,551,357,20,26417.620000000003,44556.869697999995,19013.574329
2021-12-27,382860.61591081053,982,548,290,29,35895.64,41856.230389000004,18039.189609
2021-12-28,434645.31887566735,928,514,312,23,35992.54000000001,39871.183095,16887.228106
2021-12-29,592716.5831457127,954,484,254,17,32956.82000000001,39620.767535,15791.71859
2021-12-30,528982.3584391912,771,480,239,19,29501.78,38112.617463999995,15099.402800999997
2021-12-31,284404.55629576696,465,401,201,4,17454.02,37959.042795,13820.424212
2022-01-01,33464.14696455742,624,412,246,12,22970.520000000004,38873.60433999999,16040.833304
2022-01-02,36193.11203723753,1111,588,348,12,41402.87999999999,39538.907437,14512.772563000002
2022-01-03,612999.2744385746,1499,633,459,20,54937.09,41096.499208,19019.946916999997
2022-01-04,644756.3918462248,1403,708,437,17,53788.96,46640.973752,20564.647034
2022-01-05,736689.1151492614,1418,683,451,33,51031.81,50545.043754,19303.273403000003
2022-01-06,445719.3296046873,1345,767,440,29,47862.39,52398.40848,19880.726597
2022-01-07,746969.6449065853,1297,643,436,29,49884.100000000006,51434.457620999994,21997.740094
2022-01-08,405400.94260260393,1298,774,419,26,44528.22,55448.687875,19277.860079000002
2022-01-09,129225.9361358386,1609,815,439,28,55236.380000000005,56956.202345000005,18700.867271999996
2022-01-10,1038219.2219385065,1981,697,437,30,71770.83,53172.276678,21883.578001
2022-01-11,708702.5136941515,2120,683,546,50,71699.82999999999,50292.080367999995,25329.738936
2022-01-12,991509.6433818857,2101,746,459,54,69738.04999999999,53449.810289,21997.003983
2022-01-13,1117082.3531666265,1943,708,403,57,66236.81,53440.275541,20870.1941
2022-01-14,1027787.4242486922,1715,565,335,64,60356.92,51549.992666,20285.564103999997
2022-01-15,488969.54080910055,1346,617,294,36,49830.37999999999,56139.10168,19191.299837
2022-01-16,258154.33670287405,1723,743,281,53,59253.020000000004,56940.551440999996,18444.448558999997
2022-01-17,1104823.6925932835,2188,747,344,61,73801.81,53993.92352,19967.085323
2022-01-18,1046354.6365915355,2141,725,346,66,73304.18000000001,59287.730303000004,21067.239118000005
2022-01-19,1144612.2155126547,2167,688,317,54,72396.12,58232.95623799999,21259.785853
2022-01-20,1119335.996960967,1907,586,306,51,63892.350000000006,51055.377518,20351.508998999998
2022-01-21,945984.230823695,1634,557,309,34,52419.34,48358.388106,19964.380939
2022-01-22,514389.1074596115,1341,593,344,36,41866.53,48125.784251000005,22422.533601
2022-01-23,203929.5330110166,1437,669,322,44,48697.28,50738.388281,20371.83627
2022-01-24,1194102.0394044993,2062,616,352,68,71538.62,49292.665742000005,21820.268484
2022-01-25,981902.9241449414,2107,705,336,59,73119.09000000001,52812.513784,20713.144119000004
2022-01-26,1151264.099009464,1965,703,193,40,75729.14,55738.584447999994,14382.393832000002
2022-01-27,1064070.0762301716,1980,593,314,51,77363.25,48013.927369,21973.869402000004
2022-01-28,964899.8175482827,1607,535,296,40,74534.76999999999,47045.223254,20556.170181
2022-01-29,457752.9461154796,1251,558,318,33,57886.51,48326.479999999996,21574.851497999996
2022-01-30,279082.48835553223,1476,576,329,51,65991.66,49231.369999999995,18420.334011
2022-01-31,1565031.8906041614,1894,600,302,62,80086.86,47992.099774999995,20105.150782999997
2022-02-01,1286736.1031240816,2041,605,326,71,83310.87000000001,46382.13723000001,20649.13214514286
2022-02-02,1166676.8132789787,2069,577,356,74,84455.22,44680.34231100001,23014.408137142862
2022-02-03,929710.0609816357,1837,609,364,57,74412.63,45352.18000000001,25652.47975914285
2022-02-04,1143981.7279685366,1634,551,276,53,64488.09,53162.272962999996,22634.346108142854
2022-02-05,398785.5769209384,1183,573,275,36,44212.53,53602.611068,20636.522406142856
2022-02-06,181557.12701165816,1489,651,400,52,50399.83,54360.392936000004,21804.725552142856
2022-02-07,1260012.5237748516,2044,620,351,39,69310.55,52119.07,23510.045073142857
2022-02-08,1008450.4790670172,2002,671,379,56,69806.02999999998,53117.00628499998,25309.169542142852
2022-02-09,1149712.2022460315,1923,710,414,53,66477.38999999997,53757.16481900001,25783.313551142863
2022-02-10,1196366.539035329,1726,740,366,44,61504.45,55928.31485900001,24541.99698414286
2022-02-11,986488.5547836502,1337,690,409,38,47493.18000000001,57602.535936,24628.559523142863
2022-02-12,390154.38769724045,1022,563,381,43,36144.21000000001,60385.537638999995,23332.577936142858
2022-02-13,212418.07379001303,1043,692,406,43,43100.35000000001,59021.310000000005,25618.382443142847
2022-02-14,923864.9241722832,1430,524,311,66,56488.130000000005,55820.45121,27184.503836142863
2022-02-15,1045346.8536108737,1710,655,451,53,58679.199999999975,54893.10334000001,31475.84932414286
2022-02-16,1115308.4403284842,1914,710,498,57,58265.89,55626.63170599999,31719.194290142863
2022-02-17,1099896.197296578,1777,669,495,63,56645.079999999994,56146.036608999995,31899.620575142853
2022-02-18,1003842.6837828837,1401,587,564,69,47926.17999999998,54496.08876800001,34659.470834142856
2022-02-19,428951.3417954379,1193,576,482,39,39144.40000000001,57662.787744999994,33232.348258142854
2022-02-20,208203.17585543467,1489,602,435,55,56063.579999999994,59490.41148299998,30769.38796114285
2022-02-21,1247220.1967678303,2084,627,417,77,85547.85999999999,58246.93419,30796.925886142853
2022-02-22,968600.6155990856,2101,618,463,47,85574.84999999999,59377.72013800001,33233.566259142855
2022-02-23,1155346.2628071834,2083,592,435,33,81621.78,55315.895473,28352.94804614286
2022-02-24,1028596.1177463636,1732,555,389,39,68762.35,52476.366814,29254.364909142856
2022-02-25,1102250.278443136,1518,545,358,37,61178.58,53002.566677,29362.340649142858
2022-02-26,412051.2729203935,1183,540,405,26,48076.439999999995,54443.735859,29110.629406142853
2022-02-27,182328.35197692533,1415,607,414,34,61823.35,52996.303619,29910.345172142857
2022-02-28,1458323.4859305555,2000,561,458,45,85390.65000000001,55258.76340899999,31574.395380142858
2022-03-01,5425.379999999999,48,25,14,0,,,
